{
  "train_losses": [
    3.095636946814401,
    2.5855667439718095,
    2.4598455883207775,
    2.376633980917552,
    2.3248035794212702,
    2.2900106755513994,
    2.245978007240901,
    2.2290349612160334,
    2.195324008426969,
    2.1820051594386025,
    2.1684045791625977,
    2.150211833772205,
    2.1501948455023387,
    2.139932291848319,
    2.138447606374347,
    2.1218915061345176,
    2.1215814598022944,
    2.125783810539851,
    2.1223735317351324,
    2.11401541270907
  ],
  "val_losses": [
    2.661902529852731,
    2.4643979413168773,
    2.3830839906420027,
    2.3114823954445973,
    2.2539128235408237,
    2.201470102582659,
    2.1678408895220076,
    2.158565487180437,
    2.1320676803588867,
    2.126708950315203,
    2.1046684810093472,
    2.111645153590611,
    2.0893618379320418,
    2.0580726521355763,
    2.063626459666661,
    2.0801137685775757,
    2.0419067655290877,
    2.08230607850211,
    2.0443094798496793,
    2.068667309624808
  ],
  "learning_rates": [
    0.0003,
    0.00029815940691897306,
    0.0002926829491861254,
    0.00028370547536616097,
    0.00027144804065905466,
    0.0002562124637873889,
    0.00023837389521772474,
    0.00021837157971106225,
    0.00019669804065905466,
    0.00017388695252351454,
    0.0001505,
    0.0001271130474764855,
    0.00010430195934094536,
    8.262842028893775e-05,
    6.262610478227527e-05,
    4.478753621261114e-05,
    2.9551959340945366e-05,
    1.7294524633839014e-05,
    8.317050813874547e-06,
    2.84059308102692e-06
  ],
  "best_val_loss": 2.0419067655290877,
  "num_params": 952261,
  "final_train_loss": 2.11401541270907,
  "final_val_loss": 2.068667309624808
}