{
  "train_losses": [
    3.2564258991725863,
    2.701211887692648,
    2.56168794631958,
    2.4935166078900535,
    2.4549031181940957,
    2.4185291207025923,
    2.3861235172029525,
    2.3662712574005127,
    2.3491336012643482,
    2.340408442512391,
    2.3240675131479898,
    2.3103152645958795,
    2.3014209573231046,
    2.2955180766090515,
    2.287068385926504,
    2.2908841731056335,
    2.2835849693843295,
    2.2793154148828414,
    2.287809833647713,
    2.283324128105527
  ],
  "val_losses": [
    2.8018936770302907,
    2.597459214074271,
    2.472613504954747,
    2.4255361216408864,
    2.3882701056344167,
    2.3501693521227156,
    2.3455721650804793,
    2.313105515071324,
    2.307198796953474,
    2.31588990347726,
    2.283541236604963,
    2.277081251144409,
    2.239067724772862,
    2.255234922681536,
    2.256888048989432,
    2.264265980039324,
    2.2610436167035783,
    2.232791083199637,
    2.2324728625161305,
    2.2565547057560513
  ],
  "learning_rates": [
    0.0003,
    0.00029815940691897306,
    0.0002926829491861254,
    0.00028370547536616097,
    0.00027144804065905466,
    0.0002562124637873889,
    0.00023837389521772474,
    0.00021837157971106225,
    0.00019669804065905466,
    0.00017388695252351454,
    0.0001505,
    0.0001271130474764855,
    0.00010430195934094536,
    8.262842028893775e-05,
    6.262610478227527e-05,
    4.478753621261114e-05,
    2.9551959340945366e-05,
    1.7294524633839014e-05,
    8.317050813874547e-06,
    2.84059308102692e-06
  ],
  "best_val_loss": 2.2324728625161305,
  "num_params": 489413,
  "final_train_loss": 2.283324128105527,
  "final_val_loss": 2.2565547057560513
}