{
  "train_losses": [
    2.7973426637195407,
    2.3818203116220142,
    2.2548321504441518,
    2.183769536396814,
    2.119181511894105,
    2.075454499986437,
    2.0448068418200056,
    2.0272178933733986,
    1.9987499259767079,
    1.974526393981207,
    1.9623934200831823,
    1.9447561105092366,
    1.9294220398342798,
    1.923163722431849,
    1.9135824877118308,
    1.9043352187625946,
    1.900342167369903,
    1.892247480059427,
    1.896545446108258,
    1.8950417079622783
  ],
  "val_losses": [
    2.449223620550973,
    2.2809207439422607,
    2.191448143550328,
    2.1268022060394287,
    2.051785843712943,
    2.0005198206220354,
    1.9999020780835832,
    1.9717345067432948,
    1.9263097729001726,
    1.9482330765042986,
    1.9048591341291154,
    1.9201505013874598,
    1.861009189060756,
    1.887415545327323,
    1.8494725397654943,
    1.8627271481922694,
    1.838822398866926,
    1.8563989741461617,
    1.8851498195103236,
    1.8481591258730208
  ],
  "learning_rates": [
    0.0003,
    0.00029815940691897306,
    0.0002926829491861254,
    0.00028370547536616097,
    0.00027144804065905466,
    0.0002562124637873889,
    0.00023837389521772474,
    0.00021837157971106225,
    0.00019669804065905466,
    0.00017388695252351454,
    0.0001505,
    0.0001271130474764855,
    0.00010430195934094536,
    8.262842028893775e-05,
    6.262610478227527e-05,
    4.478753621261114e-05,
    2.9551959340945366e-05,
    1.7294524633839014e-05,
    8.317050813874547e-06,
    2.84059308102692e-06
  ],
  "best_val_loss": 1.838822398866926,
  "num_params": 3739461,
  "final_train_loss": 1.8950417079622783,
  "final_val_loss": 1.8481591258730208
}