{
  "train_losses": [
    3.0362918036324635,
    2.516802674248105,
    2.374673192463224,
    2.2846118836175826,
    2.228496101167467,
    2.1877147545890203,
    2.1490703650883267,
    2.1145371747395347,
    2.0860878891415067,
    2.0646570485735696,
    2.041787794658116,
    2.025068790193588,
    2.0032366514205933,
    2.000797975630987,
    1.9810607773917062,
    1.9765068443994673,
    1.9748410213561285,
    1.9794256989918058,
    1.9643982629927377,
    1.969936421939305
  ],
  "val_losses": [
    2.6312643800462996,
    2.443392242704119,
    2.3508949960981096,
    2.2815048694610596,
    2.2184249673570906,
    2.1808969974517822,
    2.136542320251465,
    2.1010152271815707,
    2.0908713340759277,
    2.066644157682146,
    2.066004310335432,
    2.0563363007136752,
    2.018065469605582,
    2.0141423429761613,
    2.0006023985998973,
    2.019349064145769,
    1.9980562244142805,
    2.028929131371634,
    2.038960439818246,
    2.015353185789926
  ],
  "learning_rates": [
    0.0003,
    0.00029815940691897306,
    0.0002926829491861254,
    0.00028370547536616097,
    0.00027144804065905466,
    0.0002562124637873889,
    0.00023837389521772474,
    0.00021837157971106225,
    0.00019669804065905466,
    0.00017388695252351454,
    0.0001505,
    0.0001271130474764855,
    0.00010430195934094536,
    8.262842028893775e-05,
    6.262610478227527e-05,
    4.478753621261114e-05,
    2.9551959340945366e-05,
    1.7294524633839014e-05,
    8.317050813874547e-06,
    2.84059308102692e-06
  ],
  "best_val_loss": 1.9980562244142805,
  "num_params": 952261,
  "final_train_loss": 1.969936421939305,
  "final_val_loss": 2.015353185789926
}