{
  "train_losses": [
    3.5369033018747964,
    2.9487198004646906,
    2.7139123053777787,
    2.606949840273176,
    2.540310333645533,
    2.4913896643926225,
    2.4493541036333357,
    2.4274424825395857,
    2.4059577480195062,
    2.392432829690358,
    2.371753344460139,
    2.37305510233319,
    2.3637733573005315,
    2.3466822571224637,
    2.3443894424135725,
    2.339606031538948,
    2.3375815966772655,
    2.3376186423831515,
    2.3351260631803483,
    2.3392185559348455
  ],
  "val_losses": [
    3.1158712250845775,
    2.782612153462001,
    2.589242901120867,
    2.534123318535941,
    2.438366855893816,
    2.3775595937456404,
    2.3852971962520053,
    2.3466299942561557,
    2.331994192940848,
    2.3409976278032576,
    2.307598965508597,
    2.3004908561706543,
    2.2633278710501537,
    2.278583254132952,
    2.2614385400499617,
    2.2769547530582974,
    2.2584806169782365,
    2.289185115269252,
    2.2717793669019426,
    2.292905194418771
  ],
  "learning_rates": [
    0.0003,
    0.00029815940691897306,
    0.0002926829491861254,
    0.00028370547536616097,
    0.00027144804065905466,
    0.0002562124637873889,
    0.00023837389521772474,
    0.00021837157971106225,
    0.00019669804065905466,
    0.00017388695252351454,
    0.0001505,
    0.0001271130474764855,
    0.00010430195934094536,
    8.262842028893775e-05,
    6.262610478227527e-05,
    4.478753621261114e-05,
    2.9551959340945366e-05,
    1.7294524633839014e-05,
    8.317050813874547e-06,
    2.84059308102692e-06
  ],
  "best_val_loss": 2.2584806169782365,
  "num_params": 246789,
  "final_train_loss": 2.3392185559348455,
  "final_val_loss": 2.292905194418771
}