{
  "train_losses": [
    3.095069556009202,
    2.5801543394724527,
    2.453416604844351,
    2.3769772582583957,
    2.3280817062135726,
    2.2875061905573286,
    2.2545168134901257,
    2.226544769983443,
    2.2010861124311174,
    2.185660479560731,
    2.167262247630528,
    2.153877572407798,
    2.1377024499196855,
    2.140675809648302,
    2.122681462575519,
    2.121727701217409,
    2.1201585815066384,
    2.125523396900722,
    2.11351197863382,
    2.121182839075724
  ],
  "val_losses": [
    2.6666036333356584,
    2.473175355366298,
    2.388740198952811,
    2.3154123510633196,
    2.252763339451381,
    2.21736546925136,
    2.1767216750553677,
    2.1409666538238525,
    2.1304021903446744,
    2.10298000063215,
    2.1131204536982944,
    2.0994791984558105,
    2.0714468955993652,
    2.0653666087559293,
    2.0504143919263567,
    2.0666231427873885,
    2.0459021840776717,
    2.0804454939705983,
    2.0929877928325107,
    2.069648708615984
  ],
  "learning_rates": [
    0.0003,
    0.00029815940691897306,
    0.0002926829491861254,
    0.00028370547536616097,
    0.00027144804065905466,
    0.0002562124637873889,
    0.00023837389521772474,
    0.00021837157971106225,
    0.00019669804065905466,
    0.00017388695252351454,
    0.0001505,
    0.0001271130474764855,
    0.00010430195934094536,
    8.262842028893775e-05,
    6.262610478227527e-05,
    4.478753621261114e-05,
    2.9551959340945366e-05,
    1.7294524633839014e-05,
    8.317050813874547e-06,
    2.84059308102692e-06
  ],
  "best_val_loss": 2.0459021840776717,
  "num_params": 952261,
  "final_train_loss": 2.121182839075724,
  "final_val_loss": 2.069648708615984
}