{
  "train_losses": [
    2.987242305089557,
    2.5033112934657504,
    2.3696295496017212,
    2.295609746660505,
    2.2300489592173744,
    2.1786490167890276,
    2.138489817816114,
    2.1065404112376864,
    2.077608034724281,
    2.0564925065116277,
    2.035517730410137,
    2.0274666755918473,
    2.003128594822354,
    1.9951399886418903,
    1.9882742488195027,
    1.9759685122777546,
    1.9760940699350267,
    1.9666887351444788,
    1.9722220046179635,
    1.9734082240906974
  ],
  "val_losses": [
    2.5810424259730746,
    2.397044828959874,
    2.299104997089931,
    2.223167725971767,
    2.1487618514469693,
    2.1160222462245395,
    2.0709494182041714,
    2.030609335218157,
    2.007065142904009,
    1.9682904311588831,
    1.9756664718900407,
    1.9533387933458601,
    1.94109731061118,
    1.9234441007886613,
    1.89443462235587,
    1.9110915660858154,
    1.8977202006748743,
    1.9009256533214025,
    1.8938503435679845,
    1.8745150055204118
  ],
  "learning_rates": [
    0.0003,
    0.00029815940691897306,
    0.0002926829491861254,
    0.00028370547536616097,
    0.00027144804065905466,
    0.0002562124637873889,
    0.00023837389521772474,
    0.00021837157971106225,
    0.00019669804065905466,
    0.00017388695252351454,
    0.0001505,
    0.0001271130474764855,
    0.00010430195934094536,
    8.262842028893775e-05,
    6.262610478227527e-05,
    4.478753621261114e-05,
    2.9551959340945366e-05,
    1.7294524633839014e-05,
    8.317050813874547e-06,
    2.84059308102692e-06
  ],
  "best_val_loss": 1.8745150055204118,
  "num_params": 1877957,
  "final_train_loss": 1.9734082240906974,
  "final_val_loss": 1.8745150055204118
}